category,,sequence,score
unstable,497303,QYKLALNGKTLKGETTTEAVDAATAEKVFKQYANDNGVDGEWTYDDATKTDTVTE,-6.571033052907174
unstable,126648,QYKLILNGKTLKGCTTTEAVDAATAEKVFKQYANDNGVDGEWTYDDATKTATVTE,-5.855762529840286
unstable,512422,QPKLILNGKTLKGETTTEAVDAATAEKVFKQYANDNGVDGEWTYDDATKTFTATE,-7.1043698650388
unstable,6029,SYKLILNGKTLKGETTTEAVDAATAEKVFKQYANDNGVDGEWTYDDATKTFPVTE,-7.181990762161274
unstable,379935,QYKLILNGKTLKGETTTEAVDAATAEKVFKQYANDNGRDGEETYDDATKTFTVTE,-9.265406770348912
unstable,285548,QYKLILNGKTLKGETTTEAVDAATAEKEFKQYANDNGVDGEWTYDDATKTFTQTE,-4.959598340824826
unstable,109897,QYKLILNGKTLKLETTTEAVDAATAEKVFKQYANDNGVDGEVTYDDATKTFTVTE,-7.776734283675015
unstable,328150,QYKLILNGKTLKGETTTEAVDAATAEKVFKQYHNDNGEDGEWTYDDATKTFTVTE,-7.363320526875836
unstable,456304,QYKLILNGKTLKGETTTEAVDAATAEKVFKQYANDNGHDGEWTYDTATKTFTVTE,-4.597028261440117
unstable,513609,QYKLILNGKTLKGETTTEAVDAATAEKVFKQYANDNGVDGEWTGDDATKTFTITE,-5.181990762161274
unstable,293210,QYKLILNGKTLKGETTTEAVDAATAEKVMWQYANDNGVDGEWTYDDATKTFTVTE,-7.844955774883703
unstable,300560,QYKYILNGKTLKGETTTEAVDAATAEKVFLQYANDNGVDGEWTYDDATKTFTVTE,-7.963766777821527
unstable,424424,QYKLILNGKTLKGETTTEAVDAATAEKVFKQVANDNGVDGENTYDDATKTFTVTE,-6.696563934991032
mid-range,37544,VYKLIQNGKTLKGETTTEAVDAATAEKVFKQYANDNGVDGEWTYDDATKTFTVTE,-2.920377031027108
mid-range,350270,QYKLILNGKTLKGETTTEAVDAATAEYVFKQYANRNGVDGEWTYDDATKTFTVTE,-3.068286392582123
mid-range,77762,QYKLILNGKYLKGETTTEAVDAATAEKVFKQYANDNGVDGEWRYDDATKTFTVTE,-1.16518247447472
mid-range,78198,QYKLILNGKELKGETTTEAVDAATAEKVFKQYANDNGVDGEWTYDDAQKTFTVTE,-2.860062667273912
mid-range,434299,QYKLILNGKTLKGEETTEAVDAATAEKVFKQYANDNGVDGEWTYADATKTFTVTE,-1.1795054987716795
mid-range,327344,QYKLILNGKTLKGETTTEAVDAATAEKVFKQYCNDKGVDGEWTYDDATKTFTVTE,-2.1252763711669527
mid-range,362523,QYKLILNGKTLKGETTTEAVDAATAEKVFKMYANDGGVDGEWTYDDATKTFTVTE,-2.4993315875529847
mid-range,99910,QYKLILNGKTLQGETTTEAVDAATAEKVFKQYANDNGVDGEWTYDDATKTFTVYE,-1.059762502750258
mid-range,292943,QYKLILNGKTLKGETTTEAVDAATAEKTSKQYANDNGVDGEWTYDDATKTFTVTE,-1.503601397471849
mid-range,333900,QYKLILNGKTLKGETTTEAVDAATAEKVFKQYGNDNGVDGEWTYDDATKTFTVRE,-2.9842221277936485
mid-range,289622,QYKLILNGKTIKGETTTEAVDAATAEKVNKQYANDNGVDGEWTYDDATKTFTVTE,-3.798443549010246
mid-range,205220,QYKLILNGKTLKGETTTEAVDQTTAEKVFKQYANDNGVDGEWTYDDATKTFTVTE,-2.094152463513659
mid-range,170198,QYKLILNGKTLKGETTTEVVDAATAEKVFKQNANDNGVDGEWTYDDATKTFTVTE,-3.1222486784693846
stable,482584,QYKLILNGKTLKGETTTEAVDAATAEKVFKQYANDNGVDGEWTYDDAYKTFTVCE,-0.6091010937406929
stable,147636,QYKLILNGFTLKGETTTLAVDAATAEKVFKQYANDNGVDGEWTYDDATKTFTVTE,0.7858288320895763
stable,97907,QYKLILNGKTLDGETTTEAVDAATAEKVFKQYANDNGVDGEWTYDDALKTFTVTE,-0.8044324966549282
stable,32909,QYKLWLNGKTLKGETTTEAVDAATAEKVFKMYANDNGVDGEWTYDDATKTFTVTE,-0.4197237296322078
stable,178960,QYKLILNGKTLKGETTTEAGDAATAEKTFKQYANDNGVDGEWTYDDATKTFTVTE,0.4518913912287801
stable,466116,QYKLILNGKTLKGEKTTEAVDAATAEKVFKQYANDNGVDGEWTYDDDTKTFTVTE,-0.3515522269906287
stable,315939,QYKLILNGKTLKGETTTEAVDAATAEKVFKHYANDNGVDGEWTYDDATKTFTVEE,-0.7705137610990586
stable,248394,QYKLILNGKTLKGETTTEAVDAATSEKYFKQYANDNGVDGEWTYDDATKTFTVTE,-0.0621633049181109
stable,477398,QYKLILNGKTLKGETTTEAVDAATAEKVFKQYANDNGVDGEWTYDDMTKTFGVTE,0.9400150890847664
stable,292091,QYKLILNGKTLKGETTTEAVDAAAAEKVLKQYANDNGVDGEWTYDDATKTFTVTE,-0.1966478513776879
stable,442810,QYKLILNGKTLKGETTTEAVDAATAEKVFKQYANDNGVDGEWTYQDARKTFTVTE,0.4731953442018428
stable,114033,QYQLILNGKTLKGWTTTEAVDAATAEKVFKQYANDNGVDGEWTYDDATKTFTVTE,0.3403872011818591
stable,171898,QYKLILNGKTLKGETTTERVDAATAEKVFKQYANDNSVDGEWTYDDATKTFTVTE,0.5570848276974791
enhanced,64805,FYKLILNGRTLKGETTTEAVDAATAEKVFKQYANDNGVDGEWTYDDATKTFTVTE,1.1661268567069512
enhanced,230620,QYKLILNGKTLKGETTTEAVDAHTAEKVFKQYANDNGVDGEWGYDDATKTFTVTE,1.9333914379674304
enhanced,222102,QYKLILNGKTLKGETGTEAVDAETAEKVFKQYANDNGVDGEWTYDDATKTFTVTE,2.255969326173199
enhanced,150824,QYKLILNGKTLKGETTTHAVDAAIAEKVFKQYANDNGVDGEWTYDDATKTFTVTE,1.1757989774892152
enhanced,318522,QYKLIINGKTLKGETTTEAVDAATAEKVFKQYMNDNGVDGEWTYDDATKTFTVTE,1.9086306344145871
enhanced,222396,QYKLILNGKTLKGETRTEAVDAWTAEKVFKQYANDNGVDGEWTYDDATKTFTVTE,2.350525455041636
enhanced,350678,QYKLILNGKTLKGETTTEAVDAATAEKKFKQYANVNGVDGEWTYDDATKTFTVTE,1.395090649481662
enhanced,219754,QYKLILNGRTLKGETTTEAVDAPTAEKVFKQYANDNGVDGEWTYDDATKTFTVTE,1.981964832438472
enhanced,5128,FYKLILNGKTLKGETTTEAVDAATAEKVFKQYANDNGVDGEWTYDDAYKTFTVTE,1.0266147074450982
enhanced,157079,QYKLILNGKTLKGETTTDAVDAATAEKVFKQYANDNGVDGEWTYDDATKMFTVTE,1.030505623032674
enhanced,475486,QYKLILNGKTLKGETTTEAVDAATAEKVFKQYANDNGVDGEWTYDQFTKTFTVTE,1.0940512716469624
enhanced,471703,QYKLILNGKTLKGETTTEAVDAATAEKVFKQYANNNGVDGEWTYDDRTKTFTVTE,1.2303843129587395
enhanced,222051,QYKLILNGKTLKGENTTEAVDAYTAEKVFKQYANDNGVDGEWTYDDATKTFTVTE,2.123911908800013
