x,name,y,pos
TYKLILNGKTLKGETTTEAPDAATAEKVFKQYANDNGVDGEWTYDDATKTFTVTE,V21P,-0.8258,21
TYKLILNGKTLKGETTTEAVDAATAEKVFKQYANDNGVDGEWTYDDATKTMTVTE,F52M,2.706,52
TYKLILNGKTLKGETTTEAVDAATAEKVFKQYANDNGVDGEWTYDDATKMFTVTE,T51M,0.9797,51
TYKLILNGKTLKLETTTEAVDAATAEKVFKQYANDNGVDGEWTYDDATKTFTVTE,G14L,-1.25,14
TYKLILNGKTLKGETTTEAVDAATAEKVFKQYANDNGVDGEWTYDYATKTFTVTE,D47Y,-0.3546,47
TYKLITNGKTLKGETTTEAVDAATAEKVFKQYANDNGVDGEWTYDDATKTFTVTE,L07T,1.135,7
TYKLILNGKTLKGETTTFAVDAATAEKVFKQYANDNGVDGEWTYDDATKTFTVTE,E19F,-0.8412,19
TYKLILNGKTLKGETTTEAVDAATAEKVFKQYANDNGVDGEWTYDDATKTFTVVE,T55V,0.2301,55
TYKAILNGKTLKGETTTEAVDAATAEKVFKQYANDNGVDGEWTYDDATKTFTVTE,L05A,2.013,5
TYKLILNGKTLKGETTTEAVDAATAEKVFKQYNNDNGVDGEWTYDDATKTFTVTE,A34N,1.461,34
TYKLILNGKTLKGDTTTEAVDAATAEKVFKQYANDNGVDGEWTYDDATKTFTVTE,E15D,0.1927,15
TYKLILNGDTLKGETTTEAVDAATAEKVFKQYANDNGVDGEWTYDDATKTFTVTE,K10D,0.4953,10
TYKLILNGKTLKGETTTEAVDAATAENVFKQYANDNGVDGEWTYDDATKTFTVTE,K28N,-0.4428,28
TYKLILVGKTLKGETTTEAVDAATAEKVFKQYANDNGVDGEWTYDDATKTFTVTE,N08V,-0.1292,8
TYKLILNGKTLKGETTTEAVDAATAEKVFKQYANQNGVDGEWTYDDATKTFTVTE,D36Q,-0.4089,36
TYKLQLNGKTLKGETTTEAVDAATAEKVFKQYANDNGVDGEWTYDDATKTFTVTE,I06Q,0.5795,6
TYKLILNGKTLKGETTTEAVDAATAEKVFKQYANDNGYDGEWTYDDATKTFTVTE,V39Y,0.4204,39
TYKLILNGKTLKGETTTEAVDAATSEKVFKQYANDNGVDGEWTYDDATKTFTVTE,A26S,2.33,26
TYKLILNGKTLKGETTTEAVDAATAEKVFKQYANDNGVDGEWTYDDGTKTFTVTE,A48G,0.1165,48
TYKLILNGKTLKGETTTEAVDAATAEKVFKQYADDNGVDGEWTYDDATKTFTVTE,N35D,-0.1644,35
TYKLILNGKTLKGETTTEAVDAATAEKVFKQYANDNGVDGEWTYDDATKTFHVTE,T53H,0.9795,53
TYKLILNGKTLKGETYTEAVDAATAEKVFKQYANDNGVDGEWTYDDATKTFTVTE,T17Y,-0.7134,17
TYKLILNGKHLKGETTTEAVDAATAEKVFKQYANDNGVDGEWTYDDATKTFTVTE,T11H,-0.4212,11
TYKLILNGKTLKGETTFEAVDAATAEKVFKQYANDNGVDGEWTYDDATKTFTVTE,T18F,-0.5632,18
TYKLILNGKTLKGETTTEAVDAATAEKVFKSYANDNGVDGEWTYDDATKTFTVTE,Q32S,-0.2027,32
TYKLILNGKTLKGETTTEAVDAATAEKVFKQYANDNQVDGEWTYDDATKTFTVTE,G38Q,-0.1927,38
TYKLILNGKTLKGETTTEAVDAATALKVFKQYANDNGVDGEWTYDDATKTFTVTE,E27L,-1.815,27
TYKLILNGKTLDGETTTEAVDAATAEKVFKQYANDNGVDGEWTYDDATKTFTVTE,K13D,0.4547,13
AYKLILNGKTLKGETTTEAVDAATAEKVFKQYANDNGVDGEWTYDDATKTFTVTE,T02A,0.4704,2
TYKLILNGKTLKGETTTEAVDAATAEKVFKQYANDNGVDGEWTYDDATDTFTVTE,K50D,1.329,50
TYKLILNGKTLKGETTTEAVDAATAEKDFKQYANDNGVDGEWTYDDATKTFTVTE,V29D,0.2208,29
TYKLILNGKTLKGETTTEAVDAATAEKVFKQEANDNGVDGEWTYDDATKTFTVTE,Y33E,1.739,33
TYKLILNGKTLKGETTTEAVDAATAEKVFKQYANDNGVDGSWTYDDATKTFTVTE,E42S,-0.005709,42
TYKLILNGKTLKGETTTEAVDAATAEKVFAQYANDNGVDGEWTYDDATKTFTVTE,K31A,0.4356,31
TYKLILNGKTLKGETTTEAVDAATAEKVFKQYANDNGVDGEWTYDDADKTFTVTE,T49D,0.8437,49
TFKLILNGKTLKGETTTEAVDAATAEKVFKQYANDNGVDGEWTYDDATKTFTVTE,Y03F,-0.5499,3
TYKLILNGKTLKGETTTEAVDHATAEKVFKQYANDNGVDGEWTYDDATKTFTVTE,A23H,0.1959,23
TYLLILNGKTLKGETTTEAVDAATAEKVFKQYANDNGVDGEWTYDDATKTFTVTE,K04L,0.2145,4
TYKLILNGKTLKGETTTEAVDAATAEKVFKQYANDNGVDGEWHYDDATKTFTVTE,T44H,-0.3065,44
TYKLILNGKTLKGETTTEAVDAATAEKVFKQYANDNGVDREWTYDDATKTFTVTE,G41R,-0.4337,41
TYKLILNGKTLKGETTTEAVDAATAEKVFKQYANDHGVDGEWTYDDATKTFTVTE,N37H,-0.6965,37
TYKLILNGKTLKGETTTEAVDAAHAEKVFKQYANDNGVDGEWTYDDATKTFTVTE,T25H,-0.6744,25
TYKLILNGKTLKGETTTEAVDAATAEKVFKQYANDNGVDGEWTYMDATKTFTVTE,D46M,0.8416,46
TYKLILNGKTSKGETTTEAVDAATAEKVFKQYANDNGVDGEWTYDDATKTFTVTE,L12S,0.0594,12
TYKLILNGKTLKGETTTEAVDAKTAEKVFKQYANDNGVDGEWTYDDATKTFTVTE,A24K,-0.7753,24
TYKLILNGKTLKGETTTESVDAATAEKVFKQYANDNGVDGEWTYDDATKTFTVTE,A20S,0.2021,20
TYKLILNGKTLKGETTTEAVDAATAEKVFKQYANDNGVDGEWTYDDATKTFTVTI,E56I,-0.01867,56
TYKLILNGKTLKGETTTEAVSAATAEKVFKQYANDNGVDGEWTYDDATKTFTVTE,D22S,-0.6246,22
TYKLILNEKTLKGETTTEAVDAATAEKVFKQYANDNGVDGEWTYDDATKTFTVTE,G09E,1.997,9
TYKLILNGKTLKGETTTEAVDAATAEKVFKQYANDNGVDGEWTSDDATKTFTVTE,Y45S,2.968,45
